fund_name,to_risk_morningstar,category,rel,volatility,col_3,yr,return,ytd_pct,anlsd_pct_1,yr_2,anlsd_pct_3,yr_3,anlsd_pct_5,yr_4,anlsd_10_pct,yr_5
AdvisorShares Dorsey Wright ADR ETF,Above,,Average,13.34,,,18.34,,16.24,,18.63,,9.46,,10.65,
Alpha ETF Architect U.S_ Quantitative Value,High,,,16.53,,,,4.65,2.92,,12.39,,13.93,,11.16,
Bny ETF Mellon Enhanced Dividend Income,Above,,Average,11.66,,,10.26,,8.86,,10.28,,15.78,,13.28,
ClearBridge ETF Large Cap Growth Select,Average,,,15.13,,,,2.94,-0.16,,22.43,,11.85,,,
Defiance Connective Technologies ETF,Average,,,20.81,,,26.74,,22.45,,26.16,,15.55,,,
Defiance Quantum ETF,Above,,Average,23.46,,,28.33,,23.97,,37.49,,23.26,,,
Democratic Large Cap Core ETF,High,,,13.36,,,12.49,,9.34,,18.35,,15.59,,,
EA ETF Bridgeway Omni Small-Cap Value,Above,,Average,20.81,,,,2.92,1.91,,6.66,,13.74,,10.66,
Essential 40 Stock ETF,Below,,Average,10.43,,,,8.78,6.83,,13.38,,12.83,,10.75,
Flm Emerald Special Situations ETF,High,,,19.39,,,30.37,,25.98,,30.68,,16.29,,18.74,
Fidelity Disruptive Communications ETF,Average,,,17.88,,,18.66,,15.37,,30.03,,10.66,,,
Fidelity Nasdaq Composite Index ETF,Above,,Average,16.88,,,13.80,,9.67,,27.22,,14.11,,18.99,
First AlphaDEX@ Trust Asia Fund Pacific Ex-Japan,Above,,Average,16.04,,,32.42,,29.74,,13.13,,8.14,,7.54,
First Trust BuyWrite Income ETF,Average,,,9.24,,,,3.82,1.83,,12.72,,11.76,,9.22,
First AlphaDEXO Trust Developed Fund Markets Ex-US,Above,,Average,10.45,,,41.97,,41.33,,18.31,,11.41,,9.59,
First Small Trust Cap AlphaDEX@ Developed Markets Fund ex-US,Above,,Average,10.15,,,40.21,,39.57,,15.43,,10.68,,9.93,
First Trust Dividend Strength ETF,Average,,,14.04,,,,6.61,5.50,,8.41,,8.98,,"11,.48",
First Trust Dorsey Wright Focus 5 ETF,Above,,Average,16.23,,,,0.69,-2.05,,7.40,,10.07,,12.15,
First Dividend Trust ETF Dorsey Wright Momentum &,Average,,,15.31,,,,6.00,4.47,,12.42,,14.63,,11.79,
First Value Trust ETF Dorsey Wright Momentum &,High,,,18.96,,,17.13,,15.52,,14.76,,16.90,,,
First Trust Europe AlphaDEXB Fund,Above,,Average,11.71,,,44.69,,43.63,,18.70,,11.04,,10.37,
First Trust Eurozone AlphaDEX@ ETF,Above,,Average,11.57,,,44.83,,45.06,,18.24,,10.91,,10.45,
Strategy First Trust Fund Global Tactical Commodity,Below,,Average,11.43,,,,8.02,9.37,,2.93,,13.19,,7.10,
First ETF Trust India NIFTY 50 Equal Weight,Average,,,11.36,,,-2.93,,-3.67,,7.43,,11.07,,10.20,
First Resources Trust Indxx Income Global ETF Natural,Average,,,13.79,,,26.22,,26.35,,5.65,,12.60,,11.62,
First Trust IndXX NextG ETF,Low,,,12.03,,,19.70,,18.25,,18.75,,11.87,,14.36,
First Fund Trust Large Cap Value AlphaDEXO,Average,,,13.63,,,,7.38,6.39,,7.79,,12.11,,11.61,
First Fund Trust Latin America AlphaDEXO,Average,,,15.17,,,44.71,,42.31,,10.99,,8.58,,11.07,
First Fund Trust Mid Cap Core AlphaDEXB,High,,,18.09,,,,3.82,2.15,,10.47,,10.17,,12.52,
First Fund Trust Mid Cap Value AlphaDEX@,Above,,Average,19.00,,,-0.83,,1.40,,7.20,,11.60,,10.52,
First AlphaDEXO Trust Multi Fund Cap Growth,Average,,,17.11,,,11.03,,7.81,,16.17,,9.82,,14.31,
First Trust Nasdaq Bank ETF,High,,,27.51,,,15.37,,13.29,,13.35,,13.47,,,
First ETF Trust Nasdaq BuyWrite Income,Below,,Average,10.60,,,,5.44,2.81,,14.01,,10.88,,8.12,
First Trust NASDAQ Cybersecurity ETF,Below,,Average,16.36,,,,7.32,4.16,,20.05,,10.61,,16.81,
First Trust Nasdaq Oil & Gas ETF,Average,,,19.84,,,-8.73,,-6.92,,-1.43,,21.41,,,
First Trust Nasdaq Semiconductor ETF,Above,,Average,25.67,,,40.34,,34.62,,31.13,,18.15,,,
First Dividend Trust Index NASDAQ Fund Technology,Low,,,15.56,,,17.88,,14.45,,24.66,,17.18,,18.09,
First Trust NASDAQ@ Clean Edge@,High,,,16.30,,,21.64,,19.24,,17.53,,15.41,,18.97,
First Sector Trust Index NASDAQ-100-Technology Fund,Above,,Average,21.85,,,15.86,,11.56,,26.12,,11.41,,20.26,
First RenaissanceTM Trust RBA American ETF Industrial,High,,,24.37,,,22.18,,19.39,,27.11,,24.70,,21.01,
First ETF Trust Rising Dividend Achievers,High,,,15.21,,,12.21,,10.43,,14.84,,14.42,,16.02,
First Fund Trust Small Cap Core AlphaDEXO,High,,,20.02,,,,6.22,3.99,,10.73,,9.44,,12.02,
First AlphaDEXD Trust Small Fund Cap Growth,Above,,Average,19.99,,,17.51,,13.85,,16.96,,9.60,,13.65,
First Achievers Trust ETF SMID Cap Rising Dividend,Above,,Average,19.29,,,,2.71,1.38,,12.10,,12.64,,,
First Trust SMID Capital Strength ETF,Average,,,15.09,,,3.97,,55.57,,7.45,,9.95,,,
Technology Global X Artificial ETF Intelligence &,Below,,Average,19.57,,,23.88,,19.79,,32.27,,14.13,,,
Infrastructure Global X Data Center ETF & Digital,High,,,18.04,,,18.77,,18.47,,16.40,,8.65,,,
Global ETF X MSCI SuperDividend@ EAFE,Above,,Average,9.45,,,36.71,,36.77,,15.86,,12.49,,,
Global Growth X ETF Nasdaq 100@ Covered Call &,High,,,12.97,,,,7.77,5.28,,20.58,,11.78,,,
Global ETF X S&P 500@ Catholic Values,Above,,Average,12.45,,,,9.96,6.99,,18.11,,14.13,,,
Goldman Sachs Technology,Average,,,20.79,,,27.72,,23.39,,36.57,,16.30,,21.66,
Invesco BuyBack Achievers ETF,Above,,Average,14.99,,,11.00,,9.09,,13.84,,14.75,,14.01,
Invesco Dividend Achievers TM ETF,Below,,Average,9.63,,,,6.82,4.68,,10.19,,11.91,,12.98,
Invesco Momentum Dorsey ETF Wright Basic Materials,Above,,Average,20.31,,,23.00,,20.28,,9.34,,11.13,,11.00,
Invesco Markets Dorsey Momentum Wright ETF Developed,Above,,Average,"11,.23",,,27.98,,26.13,,18.92,,9.94,,10.19,
Invesco Momentum Dorsey ETF Wright Financial,Average,,,18.96,,,-3.08,,-4.77,,11.25,,8.66,,9.57,
Invesco Momentum Dorsey ETF Wright Industrials,Above,,Average,22.03,,,,8.62,5.22,,23.17,,14.60,,16.54,
Invesco Momentum Dorsey ETF Wright Technology,Above,,Average,26.85,,,,0.04,-4.94,,22.58,,10.22,,20.53,
Invesco Momentum Dorsey ETF Wright Utilities,Above,,Average,13.59,,,,7.42,5.98,,6.58,,9.55,,10.70,
Invesco Achievers International TM ETF BuyBack,Above,,Average,10.82,,,35.08,,35.28,,18.22,,12.75,,12.51,
Invesco KBW Bank ETF,High,,,28.11,,,25.42,,23.41,,18.42,,15.00,,12.48,
Invesco Insurance KBW ETF Property & Casualty,Below,,Average,15.82,,,,3.93,3.01,,11.50,,16.20,,13.76,
Invesco NASDAQ 100 ETF,Above,,Average,16.53,,,13.80,,9.72,,28.57,,15.87,,,
Invesco QQQ Trust,Above,,Average,16.54,,,13.72,,9.66,,28.48,,15.79,,20.77,
Invesco RAFI US 1500 Small-Mid ETF,Above,,Average,18.91,,,,5.46,3.43,,11.09,,10.55,,11.94,
Invesco RAFITM Strategic US ETF,Average,,,11.06,,,,9.23,7.23,,13.91,,15.19,,,
Invesco S&P SmallCap Industrials ETF,Above,,Average,21.05,,,,9.30,6.92,,17.22,,15.60,,15.58,
Invesco Water Resources ETF,Below,,Average,13.40,,,,1.65,-0.28,,8.08,,9.88,,14.30,
iShares Stock ETF Core MSCI Total International,Average,,,8.68,,,23.61,,22.35,,13.15,,8.46,,9.63,
iShares Core S&P U.S. Growth ETF,Average,,,14.88,,,14.00,,10.10,,23.98,,15.18,,17.81,
iShares Core S&P U.S. Value ETF,Average,,,11.72,,,,5.76,3.92,,11.72,,13.39,,12.81,
iShares Active Disciplined ETF Volatility Equity,Low,,,,7.25,,,5.79,4.49,,10.59,,9.49,,,
iShares Dynamic Equity Active ETF,Above,,Average,11.38,,,15.07,,12.51,,15.73,,11.49,,,
iShares ESG Aware MSCI EAFE ETF,Average,,,8.51,,,20.91,,19.86,,12.64,,9.04,,,
iShares ESG Aware MSCI USA ETF,Above,,Average,12.54,,,,9.81,6.91,,18.21,,13.66,,,
iShares ESG MSCI USA Leaders ETF,Above,,Average,13.21,,,11.85,,8.75,,19.79,,15.57,,,
iShares Global Infrastructure ETF,Above,,Average,9.24,,,13.35,,12.82,,9.50,,10.69,,9.77,
Strategy iShares GSCI ETF Commodity Dynamic Roll,Above,,Average,14.70,,,-1.14,,0.46,,-1.71,,11.63,,7.99,
iShares Morningstar Mid-Cap Value ETF,Average,,,13.96,,,,6.36,5.23,,8.67,,12.62,,11.34,
iShares MSCI ACWI ETF,Average,,,10.49,,,14.63,,12.17,,16.53,,11.79,,13.00,
iShares MSCI ACWI ex U.S ETF,Below,,Average,8.80,,,23.60,,22.18,,13.06,,8.31,,9.35,
iShares MSCI Europe Financials ETF,High,,,13.50,,,54.84,,54.01,,30.07,,21.89,,"11,80",
iShares MSCI Global Gold Miners ETF,Average,,,30.28,,,162.07,157.30,,,48.20,,23.51,,24.08,
iShares MSCI Japan Value ETF,Average,,,9.15,,,24.20,,24.18,,17.98,,13.47,,,
iShares Select Dividend ETF,Below,,Average,12.90,,,,4.57,3.39,,5.70,,12.49,,11.50,
iShares Semiconductor ETF,Above,,Average,27.24,,,32.60,,27.69,,33.96,,20.79,,28.57,
iShares@ ETF ESG Advanced MSCI USA,Below,,Average,13.74,,,10.33,,7.36,,20.93,,14.98,,,
Jpmorgan Equity Focus ETF,Above,,Average,12.81,,,,5.16,2.64,,19.54,,15.27,,16.32,
Income NEOS Nasdaq-1OO@ ETF Hedged Equity,Above,,Average,11.03,,,,6.98,4.73,,19.30,,8.54,,,
OTG Latin America ETF,Low,,,11.51,,,27.83,,26.31,,8.91,,8.31,,,
Pacer TrendpilotTm 100 ETF,Low,,,13.24,,,,1.00,-1.34,,14.69,,10.23,,14.64,
Principal U.S. Mega-Cap ETF,Below,,Average,12.38,,,,8.05,5.22,,21.14,,16.19,,,
Principal U.S. Small-Cap ETF,Average,,,17.64,,,,7.45,5.00,,11.22,,11.46,,,
Principal Value ETF,Above,,Average,12.54,,,,0.98,-0.69,,7.29,,12.27,,,
ProShares ETF Equities for Rising Rates,High,,,17.45,,,,7.78,6.86,,6.89,,14.02,,,
ETF Royce Quant Small-Cap Quality Value,Average,,,19.06,,,3.11,,-4.84,,5.69,,9.41,,,
SPDR@ MSCI ACWI Climate Paris,Average,,,10.71,,,12.98,,10.45,,16.05,,11.06,,12.65,
TCW Artificial Intelligence ETF,Average,,,23.62,,,20.88,,16.38,,33.84,,12.68,,,
VanEck Pharmaceutical ETF,Below,,Average,11.98,,,14.14,,12.51,,8.17,,11.92,,7.78,
VanEck Retail ETF,Low,,,13.39,,,,5.46,2.94,,13.22,,11.24,,14.84,
VanEck Semiconductor ETF,High,,,27.45,,,40.51,,35.45,,48.19,,28.60,,32.27,
VanEck Video Gaming and eSports ETF,Above,,Average,17.83,,,17.94,,15.16,,31.36,,10.37,,,
Vanguard Yield Index International Fund ETF Shares High Dividend,Below,,Average,,7.95,,28.48,,27.68,,15.57,,13.44,,,
Vanguard Fund ETF Russell Shares 1000 Growth Index,Average,,,15.86,,,11.52,,7.47,,26.69,,15.84,,19.31,
Shares Vanguard Russell 1000 Index Fund ETF,Average,,,12.49,,,10.05,,7.24,,18.57,,14.10,,15.67,
Fund Vanguard ETF Russell Shares 1000 Value Index,Average,,,11.81,,,,8.45,6.83,,10.02,,11.80,,11.54,
Vanguard Fund ETF Russell Shares 2000 Value Index,Average,,,19.83,,,,6.38,4.57,,8.20,,9.20,,10.33,
Vanguard Shares Russell 3000 Index Fund ETF,Above,,Average,12.64,,,,9.96,6.93,,18.18,,13.61,,15.36,
Vanguard Fund ETF Total Shares International Stock Index,Average,,,8.54,,,23.38,,22.00,,13.09,,8.52,,9.57,
VictoryShares Momentum ETF Emerging Markets Value,Below,,Average,8.71,,,14.90,,13.34,,13.45,,9.72,,,
VictoryShares Momentum ETF International Value,Below,,Average,,7.79,,35.36,,34.41,,16.77,,11.92,,,
VictoryShares Wtd ETF International Volatility,Below,,Average,,7.96,,23.48,,23.02,,12.90,,8.88,,8.74,
Volatility VictoryShares Wtd ETF US Large Cap High Div,Average,,,11.58,,,,1.64,0.82,,5.29,,11.92,,11.82,
VictoryShares Volatility ETF US Multi-Factor Minimum,Low,,,8.99,,,,9.28,7.09,,10.94,,12.44,,,
VictoryShares Momentum ETF US Small Mid Cap Value,Below,,Average,16.94,,,,4.10,2.33,,11.38,,10.73,,,
VictoryShares ETF US Value Momentum,Above,,Average,13.21,,,,8.66,7.75,,11.17,,13.11,,,
Wahed FTSE USA Shariah ETF,Average,,,12.71,,,10.82,,7.60,,17.42,,14.26,,,
Wisdom Tree Japan Opportunities Fund,Below,,Average,10.85,,,26.10,,27.29,,26.46,,22.14,,14.55,
Growth WisdomTree Fund U.S. Quality Dividend,Low,,,10.36,,,,5.14,3.05,,11.90,,13.18,,14.85,
